mass,max_acceleration,yaw_inertia,length,max_steering_stiffness_front,max_steering_stiffness_rear,tyre_friction,cd,cross_sectional_area,opt_steer_kp,opt_steer_ki,opt_steer_kd,opt_speed_kp,opt_speed_ki,opt_speed_kd,best_speed_error,best_heading_error
3664.0,8.8001032834214,13324.0,3.34108394335534,137258.514462899,136324.98937419800,1.24445771190252,0.43802617075196500,1.80719016535283,369.174734450295,26.3802000702369,19.1412050699886,18.985490708803800,934.511100529654,0.40055805435413700,35.1197081700503,4.49937228144694
4229.0,5.34759525352985,21099.0,3.87404931220973,186656.405282377,236502.56624095500,1.20503777459791,0.344063253566113,2.09992518792651,325.970343558146,19.5366963384684,22.044929636195400,42.8422100793982,1482.28809158164,0.15146601496098,50.4723467397976,4.52558850687033
4392.0,1.15919087945528,27778.0,4.52211491543771,213408.45919502900,267973.521695451,1.15622184678114,0.25201632190522800,2.62678620819948,373.736456537992,44.6950127394527,35.8158338513678,33.1190503267702,1471.85478642136,0.35676666866522200,533.582910555642,13.136692325394
2171.0,2.66065666221725,6858.0,3.4208451093171,128914.451673874,97668.2428586677,0.5084184949927140,0.22807095697412500,2.64655083769705,444.445162219273,31.2966843220103,24.9078101707858,36.040373089518400,1460.66179819789,0.39780847367244500,168.775918479735,4.56190354334627
3879.0,1.94597036559634,14378.0,4.29238732949168,195828.090719352,197665.199398655,0.726226216933192,0.28668139845419,3.10149010874495,464.984154078859,24.135657025365100,15.595882111862500,22.2487423840695,1491.83839728156,0.50825510776811,238.630631799221,4.80433241445511
3689.0,6.28090428668187,12336.0,3.39318101639968,199540.589780951,170141.986725241,0.9256153155481830,0.231724889307233,1.85196616177914,415.073208768869,26.3070703575135,16.0087701773658,11.8564665935693,1391.4149567636600,0.5849627356764660,44.910953144040600,4.51157484305988
2869.0,4.14993487854202,6091.0,2.99027025496279,103299.073359001,91312.8191833063,0.333899618024733,0.341585434015974,2.07208628020296,578.784369289342,42.8172707381848,12.8521271223329,24.4009133189396,1089.84894496894,0.55240580190971,141.925706896366,4.52316176463321
3249.0,7.47496715426148,8806.0,3.64828359608732,99026.4350961383,172907.979865687,1.16228803001705,0.42579600992113300,2.49405109516816,538.122315623731,30.5464807464487,12.154082174629500,46.5747824119823,1490.8651020355700,0.0400641587193658,35.5264890949289,4.53439145987756
1397.0,3.92437405399116,5156.0,3.50271641526875,55454.6752415259,45144.211624114100,0.46754331298448500,0.437638538778762,2.58154380626287,392.791893623687,28.9195678619057,16.5328307714425,26.6387906339331,1442.7872587566500,0.48817157502006600,124.833503988415,4.52187674670487
4359.0,7.18575741251952,24670.0,4.56230979583978,181990.071462529,124466.63282312600,1.06967784719182,0.27837188574002200,3.73218803016499,318.670628072942,24.6479809786668,18.8097899732957,45.535579779024000,1444.1596377705800,0.165678220775089,35.9072691660021,4.50907813533791
2486.0,7.82423712955748,5822.0,2.7261447484676,118141.011904938,103872.121237332,0.636552286565718,0.394311240508502,1.98890012246631,484.848895593818,31.307964923557500,24.809630856503700,24.3869484236907,1364.18207888795,0.41277196816287700,47.8602181373093,4.49985399600596
3204.0,3.50486194112884,4062.0,2.41955523496371,141225.21579887000,116631.767013988,0.757388142387671,0.19539724432890000,2.68677980233794,838.263599307597,56.6809755951308,33.4661511762867,34.189239435407,1378.5199873142100,0.365100374250848,91.82220010253990,4.59874474313145
2950.0,4.75488818293178,6052.0,3.10186149179058,146470.662379526,111972.33982518100,0.9500070406295580,0.18843743228098800,3.70883026913118,640.034985164667,44.9707740752049,37.0311868544926,42.4090273999037,1480.86422698463,0.20499011905602400,58.592418020279300,4.56914593496577
2915.0,4.39907397450138,11400.0,3.43107244274808,147456.50685006300,106967.992749418,0.593673229401083,0.302680529016744,2.74547928543738,363.075220686708,25.7404923580219,17.4631612013038,23.3499320269547,733.345037341335,0.5259193070932650,98.7804193689354,4.51679186525597
1202.0,7.10290943372479,6492.0,3.94782424190351,40573.4050090624,39181.9826898823,0.609357162222909,0.42398637483600400,3.19938815143114,300.131389708396,22.4352348406241,19.76473861499,20.9899039190995,1406.0299885990700,0.42132047391335700,52.3566922671205,4.50887817619042
2172.0,3.18552627274897,9937.0,4.35745333214427,130502.506293879,70385.5396713132,1.18907661927073,0.29734139034440500,3.69637866915344,333.43032364145100,26.9106967822605,33.7089107615701,28.8837732104573,1456.1493097272500,0.44502158801627600,105.730971071876,4.62432300439724
2410.0,8.12626244552248,13797.0,4.78017646654518,132677.44818128900,111295.942623017,1.28084499288041,0.45698496719907100,3.55974347993275,341.244575253686,20.936776967385,17.8964765971442,55.926906267062800,1451.51346345406,0.0823577886246196,32.1852070561068,4.50247423553076
1150.0,1.80661504577419,4429.0,4.14165298950747,45871.9190537603,46046.8257789596,0.588706567515151,0.526620865697498,2.13013526501251,467.8992930057,26.4697610490818,35.4719430013366,27.0685621768694,1404.48302569305,0.360985891514329,306.252247237186,4.66308179153025
1527.0,1.97995952092026,3268.0,3.00684154954025,45989.939285138,82617.4482289702,1.1551453220653,0.539575777642558,2.70163060964515,683.711725188342,36.007928152337,34.4099261054343,33.6704346050999,1463.0602360609600,0.319055994172236,249.21999890567,4.80702180494002
2673.0,6.66633846284957,9474.0,4.0050823326715,99159.7121691419,133181.210108831,0.939228270142993,0.253916991114221,3.36907395760098,460.09855484059600,26.9812023537382,13.699852044707900,6.93930899938598,1475.76984169086,0.712302349837672,51.1804292710247,4.52360367434801
1914.0,8.38342912035862,6658.0,3.47031851791399,83522.6169634588,68058.9486519091,1.02915063403994,0.533580605107379,2.23018169914052,400.886851559134,28.9482971578337,18.1053775370425,22.4493160832091,1232.64068259191,0.368686093701992,38.680337646479,4.50039755344004
2351.0,4.63252913275339,10590.0,4.71220297157227,87134.6357013277,109435.69632017700,0.95564680855781,0.525218591992078,3.36959401434854,432.552259942418,26.8649041495671,24.91975357474,43.0746269505315,1491.57203168907,0.238687031187292,62.158785534192,4.56196660203326
1661.0,4.18308686804418,5708.0,3.58000093555754,81741.353850367,90170.2082509337,0.9666174027700120,0.5010634128971240,2.9268357461452,441.535732507023,27.364814064734600,29.4784372789277,42.7796629626492,1433.7370688420300,0.184367819105958,73.4140336446444,4.55994284757975
1717.0,1.34578262703246,3040.0,2.81532214379371,99424.9162799287,61026.4624284889,1.12061570826779,0.48213044246684700,1.83161177567908,484.852104270851,31.3113933517341,24.8255258536463,29.5429745352873,1442.6187585698100,0.43970807357927400,462.215152885055,5.22478814013508
4208.0,0.973413733958808,6637.0,2.63038247911172,119575.04001476300,213479.803585691,0.6131920905717290,0.23683695622106200,1.85407814006378,683.516885128142,35.3232809581902,42.6546904037359,17.1716335159321,1330.0590451978200,0.5593997705292240,631.187641622915,13.2670770572992
2256.0,1.15649550850489,4917.0,3.02677685207533,79173.43827669460,109072.39703948700,0.8549788607244530,0.503751828626805,3.47248957900885,583.014066394958,52.102621918764,38.4532000538048,17.156800866149000,1330.0585778667600,0.509815762571333,567.882087564963,11.4236686671599
982.0,1.22608730501386,2132.0,3.17139675999489,62734.4315636944,45229.5563294022,0.8761282435894010,0.21761860407437500,3.43360881833483,398.886011063374,43.6237395987996,38.0118422050076,49.9723393528249,1449.70109607988,0.14150804558176800,531.37285019237,10.3777628711617
3767.0,5.19575789477063,22693.0,4.22664160600546,170970.507605733,145221.970476074,1.0067316035951,0.46822865119390800,1.89601485850892,288.573147491458,19.9105718777835,21.243545298637700,43.2532313938312,1485.0879397782200,0.132092646204013,53.269536829365900,4.51449855117048
1786.0,3.81359684294405,2962.0,2.56339786848029,73226.4721809914,87727.2371067661,0.8256650014261200,0.33424906638010800,2.11165386916352,645.921271045167,40.8755500983279,22.031239555476000,47.469661239766100,1475.3553157587400,0.06440084473391420,86.9643717275844,4.57737716044856
4311.0,7.75819600794372,29757.0,4.58250485079926,213085.36293391800,187330.501416259,0.829001471130086,0.30149364585173500,2.77795653762601,274.246783536222,17.9508471898777,23.1950367374659,22.4957418069895,1456.00862507214,0.260266366213646,44.6093681180361,4.50194448866591
3519.0,5.83791387244374,8268.0,2.72625194212687,104287.36949089800,214823.56288914500,1.06427794170035,0.498466055280581,1.8906262420634,484.848920107523,31.3078693555674,24.809633076949600,29.1985889680188,1328.64313457149,0.314287931042845,49.0005381816528,4.53497612231799
4348.0,8.55742191510211,23475.0,4.28229885782125,136763.410938579,211767.483230089,0.9530502049129890,0.46957091871293200,3.34925264576279,317.907294957947,19.9545373521579,23.2381741381879,17.1532065028686,1330.05848033117,0.30578045036114100,39.050884211726700,4.50629819763054
2890.0,7.35380667539895,11635.0,3.68831933648801,172083.032550225,90698.7365011937,0.81258366827935,0.373373756939856,3.28063145801449,367.56848762315500,27.5987512956724,17.9952889666273,17.1518750229608,1330.05845628653,0.31207909745655000,48.7087427977144,4.50599003004927
1125.0,3.53582961829155,5539.0,3.91044454110537,49196.3999988602,37510.4880446757,0.760469130869417,0.46649892397248200,3.0767091092789,325.386908380518,23.8880406528436,19.4750026887608,23.688903234149000,1484.73535724965,0.24496397097496400,102.69590845361200,4.5273196416468
1383.0,6.7834228111545,3231.0,2.5842367686097,77236.3270812595,56244.9404147873,1.32974020971332,0.34202449376353900,2.4433036101103,428.691229306523,29.465672021865,23.268400822787500,48.9356467669987,1418.4468180367700,0.15727980642512200,37.6954310043538,4.50177652664148
4451.0,6.0240058487279,21645.0,4.06617661360947,206858.564554856,141014.735587709,1.34631412600423,0.22383707357030500,3.47117409421972,332.540769984644,24.1990233277871,17.365727627175600,35.576996908671500,1461.8884045960000,0.256833308861144,42.3011029886068,4.50795749132324
3854.0,8.33122354322754,7390.0,2.96793346589463,256950.38855259,184500.75367570300,0.804402889978406,0.34365622701512100,2.26424026117348,611.572318110557,37.3094452819347,11.0606265052756,22.394046292033,1384.76523174043,0.46268778947487200,42.734866184065300,4.51043737698675
3897.0,1.54161396126989,4892.0,2.4766907828656,166374.841907386,108922.78366109700,1.39901520352166,0.426303352359419,3.03027503422935,694.624716723747,42.4237361435706,47.850487803614,33.117058785417,1471.85540281643,0.36884857820437900,361.422528561681,5.26639383346695
1533.0,1.22359491951807,10498.0,4.5676593905403,60448.414648156100,76614.9022945872,1.02189594326024,0.193380202883038,1.61194563508314,209.633183314367,55.654328730245,31.7538023298453,33.5943173515316,1399.9484988725700,0.29813456622906400,510.646481495979,9.83407249210842
3764.0,1.12924065628594,17615.0,4.61226811844793,160086.25428214900,200951.91575013300,1.14931923901482,0.43830469007209600,3.44355648104184,985.571390182942,45.2279915679671,45.0802781509407,54.1255058059683,1214.75387507891,0.228455210024216,557.312568772015,15.2808778146379
3949.0,6.62121851770669,7973.0,2.60355378034684,146335.865935984,151392.275403379,1.10808320112868,0.25142535162149500,2.19566925289916,533.845343795951,37.0344219072596,14.6079160204918,19.5427378153972,1035.40335804999,0.40576269891654400,51.4442295428229,4.50689172976121
4071.0,8.83622287234438,21677.0,4.04490354126161,203422.83332934400,181312.60560971200,0.49044063106475400,0.21393677215495300,2.0037731035367,325.739227008282,21.7879888346182,23.6690962348292,27.8569844060954,1381.6976220024600,0.46783713100246600,67.2229430893948,4.4988700583691
4300.0,8.51287415950325,10768.0,2.98349084453827,167823.587285231,196902.444440669,0.935818937388296,0.43891709949795500,3.02831294153968,503.933641391827,33.7267904424468,15.7649627434061,18.420489667848800,1423.84749688983,0.36361623003769700,40.0864589491109,4.49945055878585
1296.0,6.00395876282976,2939.0,2.92299641903127,47535.3049650943,59153.7813266901,0.635175064136914,0.33832418906210000,2.94417260348058,529.220035821128,34.2669358236907,16.6361706035429,18.4331571066706,1455.8025239869900,0.227599984913143,64.8329506216308,4.51580277755787
933.0,5.43932958354175,3063.0,3.2878401148078400,50391.0845007771,32143.6556895942,0.8215459425991870,0.26346936123555800,2.85940745286865,409.784596312258,28.9433027019124,13.4150489880213,33.4559078392847,1398.60861765075,0.291782187193732,53.0338328717482,4.51328381956871
2832.0,6.84098664555421,10854.0,3.32168730746771,146114.868925726,105684.903309586,0.9886137290351630,0.313443213746594,2.72802633813487,352.741021190913,25.1714004380498,19.2937962487537,33.5117047652242,1443.46420694101,0.179435442716831,39.0455548482154,4.50174575555327
1963.0,7.7043443305236,9211.0,4.37719414209718,70651.5869102399,73412.0136671721,0.8435558111691660,0.22286698800404900,1.75853012356048,376.752614365708,25.7860602756075,17.3286141201604,20.7617558823424,1458.35757439597,0.36461272575102300,44.2269339023574,4.50472888639295
3548.0,2.05962577229721,3895.0,2.23817539325618,153959.324052265,188083.43126850300,1.20989076697276,0.49692276872258700,2.41897546102141,853.278359731208,43.133861855774700,17.1994954377614,44.4611461855073,1450.5919260154200,0.36236779452848400,209.44960163575000,5.00052839707328
3657.0,6.05528680360651,7727.0,3.00849992579399,148252.81132692300,137371.171301271,1.0564315540827,0.44100035522908500,2.45325172936003,576.159580962975,39.538808953355800,11.3439299725647,38.9522506499583,1479.73798754199,0.35925740595542300,47.0687849390551,4.52304490852451
3894.0,1.96108628626395,23302.0,4.77174580697737,128041.050787029,194226.794474813,0.9115663708312930,0.49045580042623400,3.7787076615178,537.32055478425,21.849214878212,40.7399522605796,28.7090339600403,1409.7297290766000,0.24692581431509500,238.920491101051,4.67659926954174
2537.0,2.70938873653839,4745.0,2.59174973191442,116983.52544892900,112875.42022080800,0.49901931745395500,0.5156283401978,1.69822799574341,592.181497647199,35.5244048833421,22.9616220524148,45.339935835874,1479.04012521403,0.224196424332911,173.945353057896,4.56339620336161
1702.0,7.05580475612414,8497.0,4.39332980038261,70747.5480079946,72578.6758628592,1.0013475705263,0.42018514854968200,3.07444716177298,360.224089327483,23.3380605986356,15.932872831972500,50.209336872183800,1473.8565383625400,0.0548465292419685,37.3034175920914,4.508825524738
2586.0,5.61441631240324,11601.0,4.19843173259439,131759.004850079,98474.7688387021,1.23721706856929,0.36677284867429400,3.60101493651697,378.321290766265,25.7618039909426,13.191357542586700,40.116619954117,1471.70266107141,0.165872919576797,49.077591122729000,4.52000130092858
2275.0,2.37114467923414,16663.0,4.58507794863436,87988.04011700530,95646.1620371341,0.993915464401217,0.24567743550167800,2.34548239834113,345.02287144554700,18.5466084546718,29.868217795392000,42.2442688063638,1494.35137513013,0.27297931789760200,166.949803853553,4.67058874990213
827.0,5.88693321919596,2274.0,2.92285747716212,48327.9647496101,40067.991997998000,1.07333681226878,0.41449481603562700,3.75997308459358,428.515917731591,26.0695911606886,16.156905239944100,31.724039907038500,1379.48340956984,0.23428247871905600,45.6107382861801,4.51562157936568
3693.0,5.33545117977246,26017.0,4.45368373948101,236450.22393075,126537.70712334900,0.425514478302001,0.45099299610770200,2.56819513896021,261.514945336654,18.8142365128812,20.4696831806233,21.8298700508779,1481.9423103942,0.484972868306808,85.42393564516680,4.51263389788202
3575.0,4.81553788289863,9432.0,3.10088143941393,248818.582846431,119456.32068614100,0.43625675235064300,0.19515037530571600,3.31015488056419,481.63273748468200,34.9706583853554,13.2158582331571,25.870843787034,1390.89939526672,0.532913216689568,92.5351245915469,4.51717298629213
1114.0,1.10315996304963,3074.0,3.64420044635819,36797.3718595178,54276.226557063800,1.1822657656843,0.522139616871359,3.40968279935835,616.1933246758070,36.2918434586341,43.740447959182300,28.0980223820831,1330.17359915045,0.50600887021267,645.713193276292,15.7982678641676
3663.0,2.72318823361865,24469.0,4.45018702494472,117661.564557741,149145.15006129,1.11337461532416,0.476322489079454,1.70772016161121,279.548962589424,18.385314261707000,31.3501925533021,51.732694124286,1493.50835380384,0.14336111000492500,129.58747178931,4.59776416846658
910.0,7.79280526298168,3222.0,3.24352444963881,34940.7921035782,42403.0425176857,1.28519836952207,0.42849673927666800,2.12284839939331,371.014204229903,23.9370357160833,19.6031150315516,43.5167401428761,1487.4667850968300,0.0934468295066747,33.2227678272079,4.49920328708454
1817.0,6.68464101066085,13268.0,4.50504966164686,79181.7081052187,64580.448106684200,0.506353050133441,0.21138028875723200,2.35223926480045,253.798438657671,18.0615335328992,21.5058517829883,17.151425472201,1330.05842640319,0.334417042722501,75.41212626393210,4.50942597536505
2927.0,8.30544983434155,14898.0,4.79370809688358,123387.896837758,87416.117084375,1.07096911113272,0.400228750952948,2.46321200442795,370.677818558666,27.8929134241598,17.5233699715737,17.503034988343900,1330.0197211248900,0.297097464033562,38.2887757493313,4.50566997917556
865.0,8.66551603732552,2829.0,3.37852778290043,36807.3129474086,42226.842799999500,0.997994291446977,0.307018211080196,2.52483989731161,416.622467899803,25.323661761974,19.3112602457105,18.4976360123882,1031.2166451036800,0.218078458136226,37.150072970620900,4.49858561995448
2004.0,6.15820151387786,9959.0,4.56356851749967,77203.1769884786,68839.3698703964,0.88249626081358,0.454657641284651,2.89963854716029,365.49717127616700,26.2031975863889,14.5410560151088,45.6583417107106,1487.5701430790800,0.169446697466053,44.6148752747387,4.5128027055474500
1848.0,4.70530993041115,7622.0,3.6598724254774,118273.63664553,82943.2828463693,1.17117186765551,0.47001492046901400,2.56444976888522,364.41366008494700,23.4704366457299,16.6529935798833,41.5488084904073,1406.8837815839,0.198435821144818,58.4555294874048,4.52401534765259
1485.0,5.00440292726091,4096.0,3.66164390771769,88209.3052413515,46764.197276121700,0.412083573045999,0.421581186828679,3.70176874201318,567.281304105818,41.379541398014200,30.822336146308300,33.974805051003,1443.13323746723,0.430177244605199,105.71393867484600,4.52880809849577
1710.0,1.21787595711407,2513.0,2.37037912818779,49821.1519866418,91146.8240369829,0.800629626652939,0.370952486465132,2.28765388786288,653.4363847622430,49.3280873323046,46.7139316941121,17.1584043255885,1330.05931521794,0.435636541799141,529.403513484215,9.33322062383657
1918.0,7.8746694226752000,5611.0,3.22472702066305,75700.8810977341,82745.8655027762,0.7582705963760630,0.18061446183967600,1.84655481619713,485.89603142986900,31.2629552776031,16.4903204130832,17.9813429175783,1422.5952047372900,0.46072303711171300,44.759094701162200,4.5021429478863
3688.0,4.73487988451873,16789.0,4.38712963615889,159597.628536461,187524.912868282,0.5863833977567750,0.29932146315806,2.13346227666233,400.461601782946,22.8328767978509,12.8494724461646,18.423468994283000,1455.8022878572200,0.340026202678819,94.95168660837290,4.53045525818695
2505.0,8.3343501869516,9456.0,4.05005090815162,68636.7960715496,89838.3397191222,0.46549941271322100,0.19752838740202800,1.90405181760477,432.186142147405,30.1218963256886,16.9090797254661,31.738409511798900,1283.50650000626,0.268586686707531,59.5251584190028,4.50760841937502
1694.0,7.79762956660741,5185.0,3.67995133111976,95966.8401285487,84573.5180615151,0.9492149210427390,0.494291073243218,1.61043106440612,495.79299677064,29.2368912865081,12.1949400037828,25.8350069473417,1394.98133685605,0.32881806013651200,41.843248511794,4.51191827064834
4200.0,7.46790663572492,15747.0,3.38158931877651,196973.850191762,151022.464756124,0.9637668997666540,0.5443203274385280,2.39537937300624,363.69970769982800,26.171980595475700,18.6685907246425,19.5123449195402,1314.57075795687,0.34266994166789100,42.4502440368512,4.5015796488727
1975.0,2.15699961217056,3573.0,2.40308182200895,112933.046122319,67558.7012997035,0.332818247109667,0.308197102500657,1.64187512519847,537.902807261721,42.693693055041,6.87808602293582,16.992134062554500,1458.00799610619,0.6357338074884500,239.75025497412,4.54700217862382
2997.0,4.95980015297276,3842.0,2.52766848854123,107375.63204778200,141068.57266225,0.45809052760108800,0.43644530796399000,1.98047666017257,816.763321167747,52.050628047985600,17.3899954900687,39.9929619550134,1411.74558724471,0.178980623148493,90.9711860073502,4.54307667661399
1270.0,3.04013497030719,7702.0,4.53298571936064,44287.0479969514,67455.2438991153,1.26841833014046,0.37839415285120900,2.96794246569366,313.490151935324,18.3620595698196,30.2120871438261,32.8773873222599,1206.74179970757,0.43706930204509300,114.287781012204,4.57241297296096
867.0,5.80831509253043,3209.0,3.74885581418289,45633.703682458,41125.3978050778,0.5544085936555370,0.503338744224407,2.15806191443602,416.656380375113,25.8971396198468,15.9791716668858,18.423824612698100,1455.80213132519,0.335071031577767,67.5205886034046,4.5100341216964
3606.0,7.3274341617451,21645.0,4.75688439758164,122617.98529907900,189294.969201113,0.761199626690886,0.370395729197646,1.62743373147067,327.383529552107,19.244840565161,18.3935546477696,18.4256348684844,1313.98727750441,0.44215037802663200,47.8283451750442,4.51557221025739
3326.0,7.84365945657325,5213.0,2.58837280655719,168871.282783016,140195.31510393800,1.35770459249514,0.246023451874077,2.03899238437888,661.438576867424,43.048034022151,11.4850121753274,42.5556069499847,1493.4468880750000,0.12309076477504300,31.1353718353838,4.50594979036977
2202.0,5.47345731286052,9533.0,3.54425066580852,112602.68254799200,124520.901403002,1.11588805157171,0.45052031136153400,3.32251228605739,343.80815134878,20.7898201513192,23.377458479392400,45.6265438670787,1487.71458430175,0.16356578395809200,52.2205641347915,4.52003463482563
1556.0,6.69836277626475,6995.0,4.1333609492799,70451.114812058,61420.1337405938,0.325454104040141,0.5423131144716940,2.4297182967825,376.048213933675,25.5711614412117,17.318211251503,25.3259769597399,889.323979076639,0.605308541943521,86.32038399995850,4.50515278952693
2314.0,3.89308905964063,7247.0,3.76461436525604,80636.5847727137,112628.802328592,1.32891950652314,0.35302689495184100,2.03283279765139,496.21481522776000,31.0810367866987,27.0884227570757,47.3813972086328,1500.0,0.14967052986971600,75.25819577053830,4.61509151993742
4333.0,3.0805295263462,7991.0,2.83335153793238,186445.38814029500,194625.57901001,0.408816955615305,0.458796688310095,3.53827931421931,698.945643706618,41.3239938808089,24.5607558360166,31.825381806935800,1486.4674035138200,0.420294092376078,173.50434809226100,4.55808549299828
967.0,1.70767500704285,2848.0,3.45187748484833,49005.3119959175,54705.1439839769,1.35526558239917,0.42143210427848500,2.69011442458296,574.582751043763,14.5587183295098,42.7497246978181,32.516894270086300,1481.60311167884,0.39186785331737600,337.765386894642,5.02420980298793
4443.0,3.29662551710347,21642.0,4.75415337607178,257249.492404029,197477.976359724,1.34829904604478,0.20657419198606700,1.90314577904117,410.988511717348,26.9770467519431,43.3233207110702,38.153875466659,1427.1353180829400,0.285981673593594,93.4433808355637,4.70515981972814
1412.0,6.82806130566099,2993.0,2.85846423344051,57725.7038787947,73956.1249799215,0.476343227480484,0.49521526838407600,2.88530129213468,563.5820098662320,34.461083625593200,17.0220634283465,19.069961635545,1039.0646447243,0.35620993502312200,60.2963411327068,4.50875837354941
1565.0,2.96922645144075,7733.0,4.64800102751906,75128.6969000196,56497.5737536843,0.432720871188055,0.511565170496743,1.82087042042958,401.501802134417,27.6158919049833,35.3361291135658,20.7256486178544,1371.0526240525200,0.47325393551431200,179.681828851067,4.54802921682809
3428.0,2.83693251169834,15077.0,4.41347008844573,190522.28471768200,195530.845178749,1.26203265384113,0.30554919392252800,2.76787086743319,513.771622620258,15.034119352312200,40.9842325915287,35.1972151378747,1484.8158806847,0.358259498885776,119.946335171954,4.74271054330041
2715.0,1.88038962971495,11556.0,3.47558058033087,111040.35424118900,165788.94452808,0.8827202328007480,0.37853016502352300,2.55603878633492,406.70328162833,18.1779125747635,50.0,31.8841092832036,1417.67146535544,0.406795034252654,258.986069767915,4.73038297614989
2851.0,8.31815694255941,6364.0,2.740064858714,122486.75203227200,117920.742614955,0.578503066739262,0.191120194141636,1.86169728362846,494.795900162341,33.179595604879,16.9508160624808,25.350833515366700,1406.0300113189000,0.357687789830186,50.661956647185700,4.49902947445692
1493.0,2.05359240143596,8651.0,4.7703701361509,54270.5946844695,48590.919598926400,1.20013865557425,0.45439741411066100,2.6312704534307,402.285854034153,38.6741956326245,31.781599843194,43.7009605920597,1357.18941738626,0.25787577990404100,224.493933076376,4.71701197489028
3104.0,4.39151474394706,10723.0,4.15218032033664,198794.56407746900,106280.43695843300,1.17299892224862,0.258423206099801,3.632323295405,504.977290963461,35.536615894944500,36.78696473018,40.4606556543536,1413.01142685205,0.255146203250574,67.1483100851727,4.61158478898459
2496.0,8.35919009127096,5074.0,2.53547814867331,106871.91676624600,122454.10552088800,0.467559381173333,0.41394464082117800,2.46444026145451,508.311373883831,32.0910424421423,16.7350644063452,29.843961439249200,1366.8242404657300,0.22524722901777200,57.7933743353688,4.49965350784159
2549.0,7.73726200272485,15118.0,4.67015884602354,129486.42687280600,142791.382394804,0.6769850070304510,0.245577135462231,3.09180693393562,325.674933953976,18.922461742350700,19.6897868382981,22.6260069685443,1195.26400497896,0.463187743609261,43.200656032094,4.50582856692835
2766.0,6.85578784403035,12296.0,3.91598886888299,142927.918349565,120259.97776084500,0.6327283092517210,0.530588171876417,2.40593807482438,361.113645635428,23.5484572395631,18.0178364035751,26.251071015893,873.405792460307,0.5846028923372020,50.7693239677231,4.50395857163517
2351.0,1.83161755016074,10872.0,3.88238667517265,106242.59173658000,123396.24281417800,0.67659867663006,0.33101796724547500,2.56811023811382,297.736741458678,11.8678840578568,13.1515270232948,36.7744001789409,1118.92488429977,0.39312893760426600,285.880647124495,4.62269062280664
2008.0,6.27636310255349,3610.0,2.71430560287391,63171.7789160847,80491.5875930621,1.15596656479841,0.49843324851656800,2.14269682989752,608.555560989185,40.9221519998449,12.424970366595400,42.2293222843815,1436.43816574816,0.203631687067916,41.1492867330952,4.52540953730779
4168.0,5.80249595967483,9298.0,2.72655826060288,158175.780333306,248088.91790198300,0.8962869384457910,0.43951470746007,3.69642943066824,505.312111939011,28.978179754741100,16.5008662110212,43.3673571799968,1359.2725880111,0.153585200176477,50.7553822948986,4.52855111075242
3336.0,4.44033166844701,5738.0,2.26039171410157,153280.904085972,124227.48997772600,0.740067590748231,0.503789816929329,2.94250037775314,554.859277226128,37.7626064960177,17.2341973793467,51.763928041986400,1487.3738505515100,0.24815666278866700,73.31784333211940,4.52421172731003
3139.0,7.71524766324823,9435.0,3.06868929409277,194559.638119122,131328.231945723,0.5686255008424770,0.517688579044548,3.63252389889671,404.31643347967000,26.915346012508100,19.183528311400300,17.153025347158,1330.05849579605,0.30605435976717600,52.9577127741827,4.49940554602183
2489.0,5.60488326758765,4667.0,2.82458831798741,136087.36017958300,133155.18008127,1.00930111379522,0.287048450357864,2.16717850134518,626.584102192218,38.9493917430577,27.4069777378208,40.2484591987256,1465.77157380518,0.0664508119721749,52.224017266244100,4.56447890959975
828.0,7.14955438970102,2053.0,3.07393791817637,45522.491076909700,30958.4638288683,1.17726191924883,0.49049433050670000,1.90432395425531,490.51136488063500,34.316749658785,14.8289259899369,40.1190341606627,1471.7032992075000,0.184067727944067,38.333828415552400,4.50297532594598
2364.0,1.93157964225282,8354.0,3.81113816752164,149128.04761134700,99849.91615530900,1.32619086065458,0.542903823847223,1.75320940050107,485.803545744106,31.8162547885659,49.988452962561400,43.9796779767091,1390.2570615544300,0.308192431700263,241.136574043606,4.91500557441051
3880.0,6.42653590804423,9837.0,2.658526588021,250184.33683662400,156572.10375723800,0.765844934147619,0.38430842356695200,2.70168552797661,429.091848035419,29.6921201853388,18.043358498928,18.3834714436015,1364.42281864136,0.34064437892826100,58.590509077467000,4.50482121890987
3493.0,1.22163706736682,20127.0,4.73932660336313,202433.004970542,169189.798918276,0.650159026391922,0.350647287759902,2.534509234594,915.593738240557,24.5429126655279,32.256258084375200,56.034649816706700,1090.6929809586,0.12913058988121,516.985628287199,9.26703747417698
2342.0,8.12285436019768,7354.0,3.03601877382634,71255.2095310703,84024.9807428928,1.12370285763376,0.47651409052180800,2.68076638206101,380.355862002076,25.8534755836917,15.6845310850066,47.8070950555929,1485.02545944039,0.0863311813266287,32.9778557302584,4.50234844613022
1050.0,1.08567447229531,1903.0,2.33729846364029,39546.2562757524,32049.0250368739,0.300570618582276,0.341437164086877,3.30417253884291,603.52699487188,15.4630086556124,44.4466808925782,33.624321327383800,730.530706476153,0.5443760773051060,653.0843106306200,6.54358990312249
3846.0,6.84993996007226,15980.0,3.60124859228689,166378.890219422,202618.55018450900,1.20111986722338,0.21431974864706300,2.46785933946526,363.445906439003,20.688782039724300,19.5261462924386,47.0080263722395,1481.7359490003800,0.063555887134224,38.0882914400266,4.51166486224128
2161.0,1.50505527090975,3781.0,2.76989196284444,110483.88180385900,93132.85963848270,0.529217275578517,0.45805159991141700,1.86160276567471,635.210579538712,46.4538395746227,16.850642737294,49.5080743270699,1314.78005030544,0.13657720869918,393.368532226087,4.7358587016308
1308.0,8.79988429579288,4589.0,3.89920354680347,54600.261549799000,53431.2678110645,0.7936024579213760,0.32537972537791700,3.52518523791898,447.038906657412,29.8614034983281,16.8778838593057,17.1520274006502,1330.0584596777900,0.305144247725035,39.9516782672086,4.49946400574675
3518.0,1.01793767297779,14058.0,3.67269369210508,140768.37960025000,141584.25672957500,0.9059996453394430,0.48656236219035100,3.16317209783389,505.367102266301,44.6083106250311,36.7631542006131,18.0528161763749,1330.09617234497,0.599972574458543,618.904559742589,14.2549021390094
3604.0,5.07973146030788,19787.0,4.34918986011062,176843.88975834600,113704.862131774,0.9173453746790490,0.322586707917128,2.19553287528924,322.012329580524,24.027812257562500,16.2766901313297,27.385532457902000,1487.71497561292,0.204145906574029,63.6793840538908,4.51752517006334
1585.0,4.65363871035619,11352.0,4.52572989406883,51537.995259834,54256.243995709500,1.01091983955142,0.24362533021669800,3.55858071601196,259.470955682585,18.7150561635613,20.8057571634,42.9910444053094,1456.6818307639100,0.12231161860782300,61.6780976384139,4.52363497953529
1523.0,4.26641908103091,5309.0,3.96677022394329,79449.2098211773,61973.666096271600,0.535501518270392,0.21668807912156100,2.05536735120985,492.683344262338,33.5992932059118,33.1940976545646,32.4219632216546,1492.4970178479700,0.359548485437846,102.453860321591,4.53697730094029
1005.0,8.08459671511529,2125.0,3.12916102110534,38613.4818961357,27086.592882188,0.591287895053738,0.40587947491646200,2.05185865487929,604.3650132753300,48.331349940353700,14.8159654123122,18.680847409555200,1272.0834100980600,0.463036770412647,47.1328599238551,4.50936524895634
1251.0,8.97275313445706,6446.0,4.41619402661869,44514.927170356600,77966.6811692844,1.12969866643168,0.48332927754806900,2.75733315914925,345.302958147604,19.2998986991278,21.2483430507471,24.3543121866391,1099.01107954635,0.510163981077685,33.138121605650500,4.51352055014043
3783.0,8.76125477407505,6965.0,2.64288710351215,178945.239812274,123804.40278074300,1.37649755829048,0.364496632344237,2.68607856779542,569.4184308327570,42.458818253932900,15.4138260601755,46.118960969160400,1484.5831880502600,0.0704410609578682,29.866145716561,4.5010173602327
1515.0,4.15108889440705,2782.0,2.46853704567833,88438.2818248172,83637.4137994146,1.25275906696412,0.398052531467166,2.3890801413614,514.545312327205,29.9717542360928,8.67141669550289,49.7446244725287,1457.75494603821,0.0967267822648971,70.245377281284,4.56243111311195
2018.0,5.34607199171406,5861.0,3.37272090048166,81564.34560854300,65256.4573280471,0.9247276534713420,0.35087262723640700,3.04925750159674,468.011992931281,34.4879726606489,13.214106900163000,40.240301432969300,1493.7743365244300,0.15904851325607700,57.248087831587600,4.51906991368207
3476.0,2.91086337123205,12492.0,3.21165144995741,187602.272255985,145456.622408863,0.535992869816158,0.388188791912697,3.26218699344154,381.648491826577,24.610059671114,25.3595792373372,22.8168761316979,1323.3092789451,0.5250322206855680,154.882886783441,4.52927680457986
4298.0,1.11604439445217,12928.0,3.22046030908885,143366.55389461400,197567.61531669900,1.31629044059997,0.39422168415759,1.61016135745532,413.66530397919300,35.8847288708791,43.8853112961828,27.621569916848800,1472.35182933494,0.501786112830304,552.251362909706,13.256163491133100
2637.0,8.00586168221683,8910.0,3.41096934492886,99762.2816549976,88996.2064859824,0.30602041971809,0.471060393622632,2.32757534684143,413.074433365358,30.3070059976264,18.1657097705065,20.229243626008900,1431.73764867559,0.413221939570014,82.7440991116742,4.50429457650409
2637.0,2.33839620067328,11604.0,3.59486860175585,115018.055035619,78763.9967549838,1.36195754882991,0.536524567522197,3.48241266774529,348.630065618014,26.7686242583733,47.597551760533800,22.5562741335907,1490.80634182572,0.511571137747981,177.283787027253,4.59928046814501
2583.0,3.83387181634702,7606.0,3.66742096893386,139882.602193378,136166.591405991,1.38035872594963,0.40466822928280700,2.53495464846542,619.314588762451,36.1441919115943,36.486605006877,39.503362183611,1492.2941191657500,0.156428366676742,77.1362478094042,4.6555404712087900
1924.0,6.45903951054337,11817.0,4.47326906647052,73980.8975182875,96329.90720328820,0.326367391080751,0.37256925419387400,2.6200865722993,305.98700877682,18.6070200657029,20.9754182392548,28.0283461660805,1352.9093705748000,0.45595362529994100,113.04445512224600,4.50771096378008
2508.0,3.62195684011945,11161.0,3.55785232435417,96344.7644390764,142995.074734674,0.5357590431404850,0.231660752046275,2.01464346662706,337.184039233673,19.652492688741,21.6553986788217,43.7309238529607,1392.78662423874,0.26940565746975000,100.094634689174,4.51984173363311
1099.0,4.33482613263109,4759.0,3.89434061663098,58724.8774333156,69004.4778782236,1.25854999541534,0.41466674056769000,2.54385746698631,360.434060373151,19.5252618821599,8.32477442134116,47.5713550369082,1451.6146785327800,0.11988205077245300,69.0974249744466,4.55424668457561
3411.0,7.66730109905977,6368.0,2.98458865341202,172253.154537777,123533.822116501,1.29328806874675,0.196692455912433,3.65892302442438,654.530852794347,45.7149559823668,11.6267583962287,40.1168736860809,1471.70300367902,0.11971598890626600,33.301093720256300,4.50441508352058
4188.0,8.74376903516511,13029.0,3.67536509522824,157430.527713319,243761.860792999,0.736956631620107,0.344655940295977,1.73885777554852,485.445751246029,27.3177981335038,15.281046412815400,20.2679098417753,1415.7739605519400,0.55760427206703,46.6469617119627,4.51090273883224
4009.0,8.53573528047839,21422.0,4.04039412544376,171074.326926803,193385.219199271,1.21302109707493,0.5410820899361220,3.45274024213712,308.261415464293,19.090427758573,23.5666507017591,46.0711473056188,1498.93387004873,0.0693085729665622,29.6091995100365,4.49777867658018
4396.0,3.76511204249583,15324.0,4.03257963991227,141825.203315675,226250.706242509,0.831232228418962,0.34886942742368300,2.449951205891,474.654266423762,27.6717334674959,19.294921292217500,21.8101434483845,1442.1431898397,0.42576699309265400,85.8355229210288,4.57781143953396
4244.0,8.80103539999522,17239.0,3.79177462234428,233514.043317333,255445.598123052,0.338693580402862,0.23828363628746700,2.05280354462862,391.337118825824,22.3200184305629,21.8997102981454,45.5252831097244,1492.21287268013,0.276670747048166,95.5083152898342,4.49699829967168
982.0,8.28208012962426,1992.0,2.59936476459817,36858.821154083,48854.4365963699,0.36966132657281400,0.25219596920416500,2.85085337234822,531.489140542044,33.4041165877029,17.4496205222608,38.6094662509095,1431.71130747241,0.36570367793189,68.4411878208917,4.50040162598872
3997.0,4.39030083854187,22681.0,4.66699207821504,246565.308647182,147919.36421936,0.6826908533322510,0.21351425165811300,2.09704370741692,341.069276297866,24.0355260540129,22.436911976696800,12.1108571633967,1078.61617103078,0.728999549560829,100.145578581507,4.5315750287688
1987.0,6.71963559200395,10565.0,3.89829890105933,66038.22849814280,67947.53633182770,1.04013873415338,0.340861106319347,2.10302032585665,299.49477876781,22.2289271661779,20.3102100686257,44.1582670567839,1458.00902960486,0.056352062990865000,40.582122705885200,4.50763147733069
2722.0,4.71916196206661,7111.0,3.52130157842344,130994.75424434600,95760.85277775130,0.7803342382727230,0.5480815103469550,2.66981734787528,564.79998853335,40.5053081185985,36.1147465413162,44.530579757494,1473.46327866242,0.16793741303669600,65.12348894719060,4.5515458153434
988.0,1.29471271230862,6775.0,4.7516064632578,59406.2165503806,35436.196931213500,0.8159055869139390,0.5117994874885580,2.64623458111246,671.212279549126,14.676551763868400,47.6528591361596,17.154708688751400,1330.0582668064100,0.449234172004815,537.056945063381,5.85564446901629
3968.0,8.67681309255432,15688.0,3.84077015146691,214002.23059748100,173857.90311059100,0.682440998319494,0.425135949915494,3.07807921495095,393.88679437904600,25.9313351591408,18.8846435281208,30.0842808332048,1482.14885261864,0.36665505845919700,40.6570388931597,4.49732443106244
2501.0,5.93996485883051,6539.0,2.76028736871302,105299.784529223,71601.90931037200,1.11972422705911,0.22852741259834300,2.03688405976888,422.72200495105,33.2981210472391,16.611532529198,44.5227330562138,1488.7104593038,0.17314783821322200,42.984426958764,4.51022606003582
1371.0,7.03647738638491,2303.0,2.71393415386206,60940.4156708907,52943.8212934842,0.6204623989143120,0.37587480098972600,3.54221624527497,631.134550570907,48.943537725569900,12.5784405086691,18.0535209061694,1204.1339591602,0.36002087494544700,58.3768288330398,4.51174615152623
1812.0,1.37343937811026,5309.0,3.0016663302774,97348.2317505512,92501.2024901579,0.44000381816194300,0.38358868600605500,3.15106203235322,749.110289030212,26.8535066093873,47.0582784870996,47.7902559343647,1447.44020278474,0.186359556187977,482.027046567512,4.6089415634978
3836.0,4.01489218380663,9812.0,2.8259579851571,144212.896019061,147674.70130285,0.6968916175592670,0.24525156327458700,2.62846598674286,452.94711604288,31.571222393494300,16.2307487493328,25.1861854226861,1449.17423109914,0.34475280883956200,92.6177741584809,4.52559985591194
2424.0,8.42602744830868,6554.0,2.98770803497699,139778.33629022700,135551.961965503,0.706200125475065,0.267318987169605,3.27894207760378,452.979094016022,26.7398066288773,18.2490305233199,24.3898067549298,1481.32601418415,0.12059631773975600,41.9461141526525,4.50026083722186
4092.0,0.9296055546090980,23772.0,4.56238144104467,176800.23263214800,180699.74140321400,1.17059663658838,0.350544614697051,1.77853880093258,636.765595419316,46.6760686225872,39.3841526916869,50.5966852707163,1246.0328460921900,0.223466788542886,651.619936999994,17.6347266126012
3895.0,8.95755855169112,8219.0,2.48250846848188,175051.95260166500,134663.664458516,0.5476954327161,0.47341184221506300,3.46524110789204,484.07796856327000,35.1235778218363,16.9526795348644,33.1176633757271,1469.80075436834,0.42428265713135900,54.1959311000452,4.50199910648371
3043.0,2.1923597849362,13716.0,4.6408939209383,167335.00061633800,130842.45419367400,0.67910497516278,0.386090659296137,2.25185918699767,449.681958786964,26.9790591656695,49.1947069242771,26.383120522178300,1359.34331643805,0.49996263057957,196.41389933038,4.69982823604322
3321.0,8.2889385063562,7462.0,2.69899501966882,167058.440633505,127730.640845143,0.49300847123699700,0.48043563455890200,2.18236576336298,485.212996812006,33.8787679889453,17.6559074676988,29.2301627410528,1267.16179954378,0.47683820459531700,63.2565518048865,4.49994272421092
4369.0,7.16148690878414,9493.0,2.88795377390001,267001.522651228,135457.28088032,0.7729527548900530,0.34003076949967600,2.1566764498453,546.382221746676,40.9342155056548,15.265705015432700,24.486779671788200,1471.8545615164600,0.33407188572128400,53.9102827569977,4.50717547914264
2913.0,7.44151403884794,17554.0,4.78460220837618,138799.391943747,126199.10386032300,0.34250874080957300,0.25695928727213,2.74161221347159,327.227924488589,20.806993982782,20.3523372127882,53.1230246362878,1225.91570688756,0.207405195795194,99.7788111017291,4.5040628813574
1523.0,6.46129602702711,4320.0,3.26612684597899,75160.1588720479,69406.4297861577,0.8273587822864800,0.49887133459192500,3.01295532084959,477.137029744555,30.2443844258848,14.655312743654300,22.1198431369781,898.2066410785870,0.6132238545149880,53.870668540379700,4.51287210638037
3500.0,2.32007723698038,14932.0,4.16189015936715,192245.79206423000,188800.45495672900,0.407566797189987,0.353245620106626,2.04123743690742,413.927916585783,22.9828670174306,28.7203158282287,42.0752936925292,1081.9133764328100,0.387694459227579,205.612661841608,4.56902187562772
1784.0,4.09679194488797,5078.0,2.91274942359038,71067.756457967,56118.197992723300,0.580201185129214,0.22996409554080700,3.67635640982816,417.672583300075,31.2733932525824,15.250132583679600,24.5754337690181,1330.05842287264,0.529603480934507,107.279398566415,4.52262763855835
3664.0,8.800103283421400,13324.0,3.341083943355340,137258.51446289900,136324.9893741980,1.2444577119025200,0.43802617075196500,1.807190165352830,369.24106613016200,26.274059601061500,19.12561126176770,20.068335130935800,887.8263008070480,0.5002978494872050,35.11459707183800,4.499372143337360
4229.0,5.347595253529850,21099.0,3.8740493122097300,186656.405282377,236502.56624095500,1.2050377745979100,0.34406325356611300,2.0999251879265100,324.2102357056840,19.455408545852400,21.96580710475840,42.232724010662400,1457.6264088559100,0.20950513235091800,50.47253258193690,4.525583031469440
4392.0,1.1591908794552800,27778.0,4.522114915437710,213408.45919502900,267973.5216954510,1.156221846781140,0.252016321905228,2.626786208199480,486.69094668102600,44.95091552576310,43.92952021822170,36.878112607164400,1492.8278075232100,0.33488679272249500,533.5901564858450,12.55653605117400
2171.0,2.6606566622172500,6858.0,3.4208451093171000,128914.4516738740,97668.24285866770,0.5084184949927140,0.2280709569741250,2.6465508376970500,444.45456373160100,31.290947328729100,24.90763872728560,30.52152385227700,1330.6261611940100,0.44060247310854700,168.77709542892200,4.561903906345710
3879.0,1.9459703655963400,14378.0,4.292387329491680,195828.0907193520,197665.19939865500,0.7262262169331920,0.28668139845419000,3.101490108744950,470.621637204525,24.466833633362200,16.75504189609100,22.82546288488550,1435.1138543840500,0.49795125404738600,238.6324619463180,4.801663649769910
3689.0,6.280904286681870,12336.0,3.393181016399680,199540.58978095100,170141.9867252410,0.925615315548183,0.23172488930723300,1.8519661617791400,414.7685846293270,26.334507378853800,16.093536646373700,43.84353116692010,1479.232337431040,0.13649566743468700,44.9122227702347,4.511577805929830
2869.0,4.149934878542020,6091.0,2.990270254962790,103299.0733590010,91312.81918330630,0.33389961802473300,0.3415854340159740,2.0720862802029600,578.0220247485150,42.54930607094240,12.865875071937900,30.309487132199900,1286.9790782115100,0.5001273905011840,141.92627440526900,4.523161577900690
3249.0,7.474967154261480,8806.0,3.6482835960873200,99026.43509613830,172907.97986568700,1.1622880300170500,0.4257960099211330,2.494051095168160,537.2941512361220,30.76713232369550,12.204774792176200,55.74484781568860,1480.8787359052100,0.02129445158210730,35.52660386295040,4.5343961943304500
1397.0,3.9243740539911600,5156.0,3.502716415268750,55454.67524152590,45144.211624114100,0.4675433129844850,0.43763853877876200,2.5815438062628700,391.04055993186300,29.091618646205400,16.561939688596800,25.30022119853390,942.2983731030240,0.5348294244107530,124.83649571784800,4.521881796017380
4359.0,7.185757412519520,24670.0,4.562309795839780,181990.0714625290,124466.6328231260,1.0696778471918200,0.27837188574002200,3.7321880301649900,321.8341864585620,24.847534527043800,19.104375743049200,43.84610405667210,1479.2322976562100,0.15827706388662300,35.90692654176190,4.509081181894050
2486.0,7.824237129557480,5822.0,2.726144748467600,118141.01190493800,103872.12123733200,0.6365522865657180,0.3943112405085020,1.9889001224663100,484.8488975478090,31.30796483473970,24.809632988131800,22.13650807202530,1343.7337521655500,0.34998538311688200,47.86137661886490,4.499854011384280
3204.0,3.5048619411288400,4062.0,2.419555234963710,141225.21579887000,116631.76701398800,0.7573881423876710,0.1953972443289000,2.6867798023379400,810.7864194451100,56.4773831551323,33.91016005209760,31.709783401955500,1302.30164675539,0.3435320863973720,91.82486022313120,4.598638682789480
2950.0,4.754888182931780,6052.0,3.1018614917905800,146470.66237952600,111972.33982518100,0.9500070406295580,0.18843743228098800,3.7088302691311800,639.0838061472460,45.19422982086030,37.04444062900970,43.03480938652690,1499.804523814410,0.2011394361723380,58.592138055652800,4.569143232851850
2915.0,4.399073974501380,11400.0,3.43107244274808,147456.5068500630,106967.99274941800,0.5936732294010830,0.3026805290167440,2.745479285437380,363.6832752410560,25.75026155053950,17.290060158220500,22.747647614169700,1428.524360373660,0.5290342540295400,98.77193112300280,4.516784010234460
1202.0,7.102909433724790,6492.0,3.9478242419035100,40573.40500906240,39181.98268988230,0.6093571622229090,0.42398637483600400,3.1993881514311400,297.5210005551910,22.71694747478820,20.76659836725860,18.70278666348620,1225.9799099853000,0.43880211386898900,52.358116681550700,4.508863594620100
2172.0,3.1855262727489700,9937.0,4.357453332144270,130502.5062938790,70385.5396713132,1.1890766192707300,0.2973413903444050,3.6963786691534400,333.4498084968370,26.92935614528840,33.70852758104170,30.392426657925700,1377.4712892372900,0.445281831283432,105.73278633839000,4.624321863376950
2410.0,8.126262445522480,13797.0,4.780176466545180,132677.44818128900,111295.94262301700,1.2808449928804100,0.4569849671990710,3.5597434799327500,346.43357662583700,21.4498057239037,17.84385169010480,43.84382602509290,1479.2319088363900,0.06309951439123380,32.18448768898880,4.50250342907091
1150.0,1.8066150457741900,4429.0,4.141652989507470,45871.91905376030,46046.82577895960,0.588706567515151,0.5266208656974980,2.1301352650125100,466.3086821051740,26.284257902603200,32.660136057573300,50.56436062559870,1477.6460023560500,0.15212072038163700,306.25437353176700,4.6633512083033600
1527.0,1.9799595209202600,3268.0,3.0068415495402500,45989.93928513800,82617.44822897020,1.1551453220653000,0.5395757776425580,2.7016306096451500,683.715829497611,36.014635940947400,34.40987411362250,42.577979092067500,1444.5356199581000,0.22540670857110500,249.2281589578310,4.80702212690034
2673.0,6.666338462849570,9474.0,4.005082332671500,99159.7121691419,133181.21010883100,0.9392282701429930,0.25391699111422100,3.369073957600980,462.8351341891920,27.188298851380900,13.69054335991180,5.583684610617550,1444.4316158118700,0.6445221349997640,51.18374776179690,4.523600510375380
1914.0,8.383429120358620,6658.0,3.4703185179139900,83522.6169634588,68058.9486519091,1.0291506340399400,0.5335806051073790,2.230181699140520,402.36531970756000,28.768912574854300,17.997916331679900,20.590669081787100,1283.2311846311000,0.4574149767582370,38.68178949379840,4.500398073913470
2351.0,4.63252913275339,10590.0,4.712202971572270,87134.63570132770,109435.69632017700,0.95564680855781,0.5252185919920780,3.3695940143485400,432.4843922116480,26.7797057044893,24.448547567557000,43.07330564807270,1494.382144448980,0.23819298932511100,62.15874509926820,4.561981492937060
1661.0,4.183086868044180,5708.0,3.580000935557540,81741.35385036700,90170.20825093370,0.966617402770012,0.5010634128971240,2.9268357461452000,440.71082381945500,27.376322399381400,29.48787960869170,36.94712071163980,1491.3440631062000,0.2308071221376370,73.41340392671070,4.559942673698870
1717.0,1.3457826270324600,3040.0,2.8153221437937100,99424.91627992870,61026.46242848890,1.120615708267790,0.4821304424668470,1.831611775679080,484.84619693461600,31.30515697332940,24.82564641860550,30.44994007178520,1415.1537476466500,0.4379143616993020,462.2159422494230,5.224788696411920
4208.0,0.9734137339588080,6637.0,2.630382479111720,119575.04001476300,213479.80358569100,0.6131920905717290,0.23683695622106200,1.854078140063780,683.5168851281420,35.323280958190200,42.65469040373590,18.306587718423200,1386.738481508550,0.5850745583929810,631.1825839281450,13.267076452592100
2256.0,1.156495508504890,4917.0,3.0267768520753300,79173.43827669460,109072.39703948700,0.8549788607244530,0.5037518286268050,3.4724895790088500,583.014066394958,52.10262191876400,38.45320005380480,17.163979460110800,1386.7062514714100,0.5225126951337540,567.8789610530620,11.423668386609900
982.0,1.226087305013860,2132.0,3.1713967599948900,62734.43156369440,45229.556329402200,0.8761282435894010,0.21761860407437500,3.433608818334830,398.88601106337400,43.62373959879960,38.011842205007600,21.64776706532340,1386.8884985218000,0.57106663373579,531.381910124336,10.377761862437400
3767.0,5.195757894770630,22693.0,4.2266416060054600,170970.50760573300,145221.97047607400,1.0067316035951000,0.4682286511939080,1.8960148585089200,289.62159727866200,20.04981833307450,21.1963733836435,33.11976972678470,1481.2359066041400,0.16505536565289500,53.27059496169670,4.514497870365490
1786.0,3.8135968429440500,2962.0,2.563397868480290,73226.47218099140,87727.23710676610,0.8256650014261200,0.3342490663801080,2.111653869163520,726.8855639063480,47.61342539634960,20.543513183587800,37.590119567659100,1464.1907510338400,0.19487792544521100,86.9654636486295,4.579410145288950
4311.0,7.758196007943720,29757.0,4.582504850799260,213085.36293391800,187330.50141625900,0.8290014711300860,0.3014936458517350,2.777956537626010,277.0446804353320,18.069556097318000,23.2284690571376,20.926687051338100,1458.709752963800,0.2225663691428340,44.60977272157390,4.501959932873490
3519.0,5.837913872443740,8268.0,2.7262519421268700,104287.36949089800,214823.5628891450,1.0642779417003500,0.49846605528058100,1.8906262420634000,497.26915986572,29.261519556062200,20.96577377739690,35.8958870559797,1460.1354222786500,0.3542993810277820,48.99765298758860,4.534640209724020
4348.0,8.557421915102110,23475.0,4.282298857821250,136763.41093857900,211767.48323008900,0.9530502049129890,0.4695709187129320,3.349252645762790,317.90729575730700,19.954535220529900,23.23817342764520,17.61474567154510,1390.1370577819500,0.35721445318915100,39.049489680577,4.506297954238510
2890.0,7.353806675398950,11635.0,3.6883193364880100,172083.03255022500,90698.73650119370,0.81258366827935,0.3733737569398560,3.2806314580144900,368.03185889012200,27.736157172099000,17.987605014045100,26.485403358568500,1178.8696605650100,0.49856230124555600,48.703957813714300,4.5059915017874300
1125.0,3.5358296182915500,5539.0,3.910444541105370,49196.399998860200,37510.48804467570,0.7604691308694170,0.46649892397248200,3.0767091092789000,326.23723134701500,23.968021882260800,19.604016491877000,46.93888053129580,1488.7674576749000,0.15772461420551700,102.69250279841300,4.5273226680162100
1383.0,6.783422811154500,3231.0,2.5842367686097000,77236.32708125950,56244.94041478730,1.3297402097133200,0.3420244937635390,2.4433036101103000,428.6912277078030,29.465671400140200,23.26839993460920,41.005656482895900,1484.4157564505700,0.14969461813584200,37.69464009415980,4.50177616628616
4451.0,6.024005848727900,21645.0,4.066176613609470,206858.56455485600,141014.7355877090,1.346314126004230,0.2238370735703050,3.471174094219720,332.5407732709010,24.199023150151400,17.365731712795900,30.785711170671300,1409.6887841812400,0.246687181301887,42.30275409951690,4.507957828739620
3854.0,8.331223543227540,7390.0,2.967933465894630,256950.38855259,184500.75367570300,0.8044028899784060,0.3436562270151210,2.2642402611734800,621.4176030937870,38.43929048325370,11.00854110548450,27.844064626361000,1457.6252845053800,0.469143716515815,42.73044931498900,4.51035775943391
3897.0,1.5416139612698900,4892.0,2.4766907828656000,166374.84190738600,108922.7836610970,1.3990152035216600,0.4263033523594190,3.030275034229350,694.6408215756890,42.44642347608440,47.85013372649230,32.6114353143625,1455.82458178447,0.371996889675053,361.4230448769280,5.266393510359380
1533.0,1.223594919518070,10498.0,4.567659390540300,60448.41464815610,76614.9022945872,1.021895943260240,0.1933802028830380,1.6119456350831400,209.6331833143670,55.65432873024500,31.753802329845300,34.5193456272105,1455.824797320910,0.3119116697404660,510.6471892338150,9.834072192339650
3764.0,1.1292406562859400,17615.0,4.612268118447930,160086.25428214900,200951.91575013300,1.1493192390148200,0.43830469007209600,3.4435564810418400,985.5713901829420,45.22799156796710,45.08027815094070,17.162252248007700,1386.7059904229000,0.4410985984529510,557.3234339442710,15.280878225280600
3949.0,6.621218517706690,7973.0,2.6035537803468400,146335.86593598400,151392.27540337900,1.1080832011286800,0.25142535162149500,2.1956692528991600,534.107122786996,37.06552329509580,15.012979799887900,20.534794185114300,1472.0054041990400,0.46095255935153600,51.445573973020100,4.5068896817841100
4071.0,8.836222872344380,21677.0,4.044903541261610,203422.8333293440,181312.6056097120,0.4904406310647540,0.21393677215495300,2.0037731035367000,325.73922159039700,21.787979153474200,23.66909241566230,23.96196976229320,1488.347250191330,0.4209218634010570,67.22297921380440,4.498870070031940
4300.0,8.51287415950325,10768.0,2.9834908445382700,167823.5872852310,196902.4444406690,0.9358189373882960,0.4389170994979550,3.0283129415396800,503.9336399707420,33.72679204116780,15.764964519762800,17.15069676806830,1386.7056045703100,0.33082582101350000,40.08787994925140,4.499450622952130
1296.0,6.003958762829760,2939.0,2.922996419031270,47535.3049650943,59153.78132669010,0.6351750641369140,0.3383241890621000,2.944172603480580,528.4972437630670,34.177955251081200,16.81909436947250,26.73487870715480,1364.370822309020,0.3191988124907170,64.83060870487000,4.515803271165760
933.0,5.439329583541750,3063.0,3.287840114807840,50391.08450077710,32143.65568959420,0.8215459425991870,0.2634693612355580,2.8594074528686500,409.7845952464450,28.94330607699010,13.415048543932100,39.99495972455510,1330.1772515476300,0.3122861924649240,53.034715016164400,4.513284172999520
2832.0,6.840986645554210,10854.0,3.3216873074677100,146114.86892572600,105684.90330958600,0.9886137290351630,0.3134432137465940,2.728026338134870,353.9522185533470,25.283558423605500,19.14279221825200,43.8428882950544,1479.2298692694700,0.20793558342018800,39.044045692479400,4.501749203258050
1963.0,7.704344330523600,9211.0,4.377194142097180,70651.58691023990,73412.01366717210,0.8435558111691660,0.2228669880040490,1.7585301235604800,374.7992470235790,25.941222165769500,17.41837724338740,22.94266032927490,1458.0558605524400,0.4256596467288280,44.226631184597800,4.504726711565120
3548.0,2.0596257722972100,3895.0,2.238175393256180,153959.32405226500,188083.431268503,1.209890766972760,0.49692276872258700,2.418975461021410,944.2785980323920,33.13964159087360,15.530961078781900,36.2114007561048,1257.0849714071400,0.3834164784915980,209.44980915910900,5.002589863170610
3657.0,6.055286803606510,7727.0,3.008499925793990,148252.81132692300,137371.1713012710,1.0564315540827000,0.4410003552290850,2.4532517293600300,569.7883315448560,39.25267646386620,11.429806832872300,19.965414223764300,1369.5137517911400,0.49806409831722100,47.06858196047640,4.523041977838230
3894.0,1.9610862862639500,23302.0,4.771745806977370,128041.05078702900,194226.79447481300,0.9115663708312930,0.490455800426234,3.7787076615178000,537.9230448241730,17.78009379223770,43.32445596836680,33.46786239935500,1470.766267810650,0.2881697114745840,238.91735341017600,4.67768659643221
2537.0,2.7093887365383900,4745.0,2.5917497319144200,116983.52544892900,112875.42022080800,0.4990193174539550,0.5156283401978000,1.6982279957434100,590.8607867084160,35.55136333715080,22.893023142967100,47.09762325916,1454.929410832810,0.21487907690440800,173.94627142717100,4.5633883906463100
1702.0,7.055804756124140,8497.0,4.393329800382610,70747.54800799460,72578.67586285920,1.0013475705263000,0.42018514854968200,3.074447161772980,360.6715165975060,23.327137014749300,15.85401412794680,47.40460720633090,1472.6014135485000,0.058898133285394900,37.303460415080300,4.50882613613724
2586.0,5.6144163124032400,11601.0,4.198431732594390,131759.00485007900,98474.7688387021,1.2372170685692900,0.3667728486742940,3.6010149365169700,380.0519395428640,25.949932823837600,13.261527134331300,49.24911982673050,1456.90080894694,0.11299737651040200,49.07740636116510,4.5200069789700100
2275.0,2.3711446792341400,16663.0,4.585077948634360,87988.04011700530,95646.1620371341,0.9939154644012170,0.24567743550167800,2.345482398341130,272.9866020857640,15.831398525218200,30.071929708221800,35.57167979307830,1484.0864671511500,0.3355498545637180,166.94957071787400,4.666198533171700
827.0,5.886933219195960,2274.0,2.922857477162120,48327.96474961010,40067.991997998000,1.0733368122687800,0.4144948160356270,3.759973084593580,432.31126292241400,26.515566098274600,16.16167087465100,40.353569105753600,1464.683743635910,0.2810431899440620,45.608526401798400,4.515606064166690
3693.0,5.335451179772460,26017.0,4.453683739481010,236450.2239307500,126537.70712334900,0.4255144783020010,0.4509929961077020,2.568195138960210,261.054607423704,18.867453139338800,20.711874092900300,22.224358120912300,1396.5338218043100,0.44475413845770400,85.42700809086450,4.512632696734660
3575.0,4.815537882898630,9432.0,3.100881439413930,248818.58284643100,119456.32068614100,0.4362567523506430,0.1951503753057160,3.3101548805641900,481.33012610948800,35.14265623456840,13.230052736289400,26.401593419868400,1472.9395780785300,0.38425731985668600,92.53448289035450,4.5171719230950900
1114.0,1.1031599630496300,3074.0,3.644200446358190,36797.371859517800,54276.22655706380,1.1822657656843000,0.5221396168713590,3.4096827993583500,616.1933246758070,36.29184345863410,43.74044795918230,27.378060098917000,1386.8206759492400,0.5032336255495870,645.7143916130740,15.798267799957200
3663.0,2.7231882336186500,24469.0,4.450187024944720,117661.56455774100,149145.15006129,1.1133746153241600,0.4763224890794540,1.7077201616112100,280.6138110555860,18.355792026755600,31.391489378880000,47.517684767787100,1498.9715559945400,0.1663201374043950,129.58737275218600,4.597765343846530
910.0,7.792805262981680,3222.0,3.2435244496388100,34940.79210357820,42403.04251768570,1.2851983695220700,0.42849673927666800,2.1228483993933100,372.63722248122900,24.241876516966200,19.74187923009620,43.84504971787940,1479.2319936038700,0.09550929997602150,33.22283272805900,4.499186974293360
1817.0,6.684641010660850,13268.0,4.50504966164686,79181.7081052187,64580.44810668420,0.5063530501334410,0.21138028875723200,2.3522392648004500,254.46928205235300,18.118074156492900,21.785062882064500,17.15279919455250,1386.705663104390,0.3395333221281200,75.40883086884490,4.509426554466950
2927.0,8.305449834341550,14898.0,4.793708096883580,123387.89683775800,87416.11708437500,1.0709691111327200,0.4002287509529480,2.463212004427950,373.37497798570000,28.158717149980500,18.08149886479480,17.153584811898800,1386.7056337320500,0.3206612451663650,38.288158400087100,4.505673342421360
865.0,8.665516037325520,2829.0,3.378527782900430,36807.31294740860,42226.84279999950,0.9979942914469770,0.3070182110801960,2.5248398973116100,416.6224671004430,25.323659896799500,19.31125891344300,21.789602332916700,1251.5233413570300,0.4647832449565310,37.14379854445930,4.498584236387920
2004.0,6.158201513877860,9959.0,4.563568517499670,77203.1769884786,68839.36987039640,0.8824962608135800,0.4546576412846510,2.8996385471602900,365.3543104374580,26.091653738010500,14.569731970648200,48.31606114133620,1488.2604234787600,0.15901578276397600,44.61493784895820,4.512803998302380
1848.0,4.7053099304111500,7622.0,3.6598724254774,118273.63664553000,82943.28284636930,1.1711718676555100,0.47001492046901400,2.564449768885220,364.46662477257900,23.437755822481800,16.653233254138700,41.203296610732400,1452.899874456710,0.20655803188635800,58.45489717861180,4.524015142506690
1485.0,5.004402927260910,4096.0,3.661643907717690,88209.30524135150,46764.19727612170,0.41208357304599900,0.42158118682867900,3.701768742013180,567.2825604617390,41.37930696622730,30.82233104591550,33.48037601925080,1401.978053095730,0.4007378963095690,105.71476952834200,4.528808300610270
1710.0,1.2178759571140700,2513.0,2.3703791281877900,49821.151986641800,91146.82403698290,0.8006296266529390,0.3709524864651320,2.2876538878628800,653.4363847622430,49.32808733230460,46.713931694112100,36.70210293536520,1388.0629500464900,0.40239893580661900,529.3632868131530,9.333219646527260
1918.0,7.8746694226752,5611.0,3.2247270206630500,75700.88109773410,82745.86550277620,0.7582705963760630,0.1806144618396760,1.8465548161971300,485.896027699523,31.2629531459751,16.490318281455100,26.749135277238900,1328.8931798616300,0.3272286207989870,44.760819507215500,4.50214365295751
3688.0,4.734879884518730,16789.0,4.387129636158890,159597.6285364610,187524.91286828200,0.586383397756775,0.29932146315806,2.133462276662330,382.5150895367920,22.128943630944300,12.497941589746600,24.20086200377590,1266.061305053170,0.4001882912491710,94.9531007295274,4.530395148874560
2505.0,8.3343501869516,9456.0,4.050050908151620,68636.79607154960,89838.3397191222,0.4654994127132210,0.19752838740202800,1.9040518176047700,432.6206470005470,29.98879148070710,16.66601381332490,33.80240055402830,1333.357539097790,0.3348539019361510,59.52198432902780,4.507609389535950
1694.0,7.797629566607410,5185.0,3.6799513311197600,95966.84012854870,84573.51806151510,0.9492149210427390,0.4942910732432180,1.6104310644061200,495.1015915619990,29.03534284725900,12.163770721004000,24.13823040168750,1446.4296341478800,0.31207066266325900,41.84283092923990,4.511913468334070
4200.0,7.467906635724920,15747.0,3.3815893187765100,196973.85019176200,151022.46475612400,0.9637668997666540,0.5443203274385280,2.3953793730062400,365.8225164045370,26.515684546142100,18.719921500168900,20.28438028448040,1418.0821946878400,0.423036930427986,42.448424863494500,4.501576865284150
1975.0,2.156999612170560,3573.0,2.403081822008950,112933.04612231900,67558.70129970350,0.33281824710966700,0.30819710250065700,1.6418751251984700,524.0365302754830,33.38225959567750,7.156218796425090,13.3091762909132,1488.1837250767100,0.6350023197760960,239.7420754061000,4.546340960957970
2997.0,4.959800152972760,3842.0,2.527668488541230,107375.6320477820,141068.57266225,0.45809052760108800,0.43644530796399000,1.9804766601725700,795.0973758980010,49.81981884777720,17.621782463168800,22.012883799845300,1351.2336224302200,0.47744004465196300,90.96776266978960,4.543173610093360
1270.0,3.040134970307190,7702.0,4.532985719360640,44287.04799695140,67455.24389911530,1.2684183301404600,0.37839415285120900,2.9679424656936600,313.2247800245370,18.323993061102600,30.217715447248400,32.62717992721920,1477.0758243956000,0.4143076599370650,114.281152315253,4.5724133012753600
867.0,5.80831509253043,3209.0,3.748855814182890,45633.703682458000,41125.397805077800,0.5544085936555370,0.5033387442244070,2.1580619144360200,416.65638055274900,25.897136866493900,15.979170601071800,17.158183908815600,1386.7059172262400,0.2610566224892310,67.52370161215430,4.510034355697900
3606.0,7.327434161745100,21645.0,4.756884397581640,122617.98529907900,189294.96920111300,0.7611996266908860,0.37039572919764600,1.6274337314706700,328.97924092826900,19.412117454025000,18.574597293752300,16.433807235821400,1417.7763579490000,0.31893223389480700,47.82951144901450,4.51557130772635
3326.0,7.843659456573250,5213.0,2.5883728065571900,168871.28278301600,140195.31510393800,1.3577045924951400,0.24602345187407700,2.038992384378880,659.339318207986,43.447694115874000,11.314487166436200,43.91462405377540,1388.6749646994900,0.11455727457596800,31.136196040605200,4.505952136138820
2202.0,5.473457312860520,9533.0,3.5442506658085200,112602.68254799200,124520.90140300200,1.1158880515717100,0.4505203113615340,3.322512286057390,334.4705577782620,20.1090626322756,23.424124669591500,33.05206855295450,1448.3012403075500,0.44349605974013000,52.217769019569600,4.520133078156820
1556.0,6.698362776264750,6995.0,4.133360949279900,70451.11481205800,61420.1337405938,0.3254541040401410,0.5423131144716940,2.4297182967825000,374.4091375300000,25.305986376339300,17.119449080133700,45.700937527658100,1495.5095460477800,0.24079906980935800,86.3041957228357,4.505150052945020
2314.0,3.893089059640630,7247.0,3.7646143652560400,80636.5847727137,112628.80232859200,1.328919506523140,0.3530268949518410,2.032832797651390,494.97914287775500,31.801169167690700,27.25735570169730,39.50471819111790,1494.8628318737500,0.18692070737491600,75.25866921618550,4.615078729846530
4333.0,3.0805295263462000,7991.0,2.8333515379323800,186445.38814029500,194625.57901001000,0.4088169556153050,0.45879668831009500,3.538279314219310,655.5561177678770,39.81904654938560,25.601900718154500,32.99402010638030,1469.519772908040,0.4450051990209070,173.5046555398630,4.557640141742050
967.0,1.7076750070428500,2848.0,3.45187748484833,49005.3119959175,54705.14398397690,1.355265582399170,0.42143210427848500,2.6901144245829600,574.5812467616480,14.55831493533320,42.74973308227590,26.326528782817000,1487.2348049463500,0.45224419943706200,337.7642410236570,5.024209813208730
4443.0,3.2966255171034700,21642.0,4.754153376071780,257249.49240402900,197477.9763597240,1.3482990460447800,0.20657419198606700,1.9031457790411700,412.8018441098870,27.22083424240830,45.63347109691930,39.499371843081300,1494.8621405951500,0.27195685269821600,93.44218537617040,4.705384520883580
1412.0,6.828061305660990,2993.0,2.8584642334405100,57725.70387879470,73956.12497992150,0.4763432274804840,0.49521526838407600,2.88530129213468,579.3460958722350,29.86821349570520,16.39771114652180,17.15069676806830,1386.7056045703100,0.33082582101350000,60.29397695823930,4.509152226246340
1565.0,2.969226451440750,7733.0,4.648001027519060,75128.6969000196,56497.57375368430,0.432720871188055,0.5115651704967430,1.8208704204295800,401.5018028449600,27.615887996998600,35.33613160046520,25.019555371541100,1062.1573292427200,0.5244400123232320,179.67243962449900,4.548029777374040
3428.0,2.836932511698340,15077.0,4.41347008844573,190522.28471768200,195530.84517874900,1.2620326538411300,0.30554919392252800,2.7678708674331900,513.8225187523380,15.115079784685700,40.98350923484740,33.80589103389900,1490.7248034449200,0.3837917759322810,119.94610500568300,4.742689829342390
2715.0,1.8803896297149500,11556.0,3.475580580330870,111040.35424118900,165788.94452808000,0.8827202328007480,0.37853016502352300,2.5560387863349200,406.6978870057430,18.289225104632700,50.0,29.471995077017600,1427.5258252441100,0.42800025604744800,258.98550085175200,4.730383679168180
2851.0,8.318156942559410,6364.0,2.740064858714000,122486.75203227200,117920.74261495500,0.5785030667392620,0.19112019414163600,1.8616972836284600,487.4182272306130,32.7319131425601,16.91864343849740,22.13650807202530,1261.1632483982600,0.26375054699493200,50.66312925232760,4.499093470892540
1493.0,2.053592401435960,8651.0,4.770370136150900,54270.59468446950,48590.91959892640,1.200138655574250,0.4543974141106610,2.6312704534307000,402.28487083639300,38.665501527009800,31.781598959495800,47.252737834157200,1444.2473844082900,0.19495965699327500,224.49717933022100,4.717009548456730
3104.0,4.391514743947060,10723.0,4.152180320336640,198794.564077469,106280.43695843300,1.172998922248620,0.25842320609980100,3.6323232954050000,503.92340790853700,35.62794774914670,36.80649007068170,42.962990734061800,1473.8502670773800,0.23393988384696900,67.1472685581493,4.611583925434650
2496.0,8.359190091270960,5074.0,2.5354781486733100,106871.9167662460,122454.105520888,0.46755938117333300,0.41394464082117800,2.4644402614545100,509.7647593680160,32.30214360145790,16.832365059659700,31.347952979223700,1486.0778929188300,0.3115212990466210,57.788659705997100,4.499647726757390
2549.0,7.737262002724850,15118.0,4.670158846023540,129486.42687280600,142791.38239480400,0.6769850070304510,0.24557713546223100,3.0918069339356200,329.2360329288710,19.152557765076300,19.70547298918050,20.097245817366900,1285.8812461772900,0.44100903295066200,43.19876463487530,4.50583771636325
2766.0,6.855787844030350,12296.0,3.915988868882990,142927.9183495650,120259.97776084500,0.6327283092517210,0.5305881718764170,2.40593807482438,358.8491142772840,23.555271249727200,18.223874480822000,18.284820594617300,1477.612133664540,0.3903157072030710,50.766259997792900,4.503961419923710
2351.0,1.831617550160740,10872.0,3.8823866751726500,106242.59173658000,123396.24281417800,0.6765986766300600,0.33101796724547500,2.5681102381138200,297.7364710174100,11.867307099017300,13.151530318495300,30.37679993966010,1437.3533183175900,0.4191642614665600,285.8632827728570,4.622689232316510
2008.0,6.276363102553490,3610.0,2.714305602873910,63171.77891608470,80491.58759306210,1.1559665647984100,0.4984332485165680,2.142696829897520,608.4513852821090,40.962244973992000,12.44067778500270,49.800383868020900,1455.8244872661500,0.1728357771580390,41.14953629860760,4.525409317609700
4168.0,5.802495959674830,9298.0,2.7265582606028800,158175.78033330600,248088.91790198300,0.896286938445791,0.43951470746007,3.6964294306682400,506.1407744566800,29.013257136229200,16.55733823747350,43.84389776682190,1479.2326438747900,0.16468256800510700,50.753061807333700,4.528551322472690
3336.0,4.440331668447010,5738.0,2.2603917141015700,153280.90408597200,124227.48997772600,0.7400675907482310,0.5037898169293290,2.9425003777531400,554.8592772261280,37.76260622956420,17.234197290528800,56.7312158016501,1428.582297655740,0.21749189373830500,73.31993341082950,4.524211932990830
3139.0,7.715247663248230,9435.0,3.068689294092770,194559.6381191220,131328.23194572300,0.568625500842477,0.5176885790445480,3.632523898896710,404.3164333908520,26.91534627896160,19.183527334404200,22.928022868593400,1385.8957750376200,0.5169355709615130,52.94468641851510,4.499405191459480
2489.0,5.604883267587650,4667.0,2.8245883179874100,136087.36017958300,133155.1800812700,1.0093011137952200,0.2870484503578640,2.16717850134518,626.3539190287850,38.97992764876780,27.645024972687400,51.678369454112500,1493.1111041062100,0.07149457893214630,52.22311102119360,4.564472115708650
828.0,7.149554389701020,2053.0,3.0739379181763700,45522.491076909700,30958.46382886830,1.1772619192488300,0.4904943305067000,1.9043239542553100,495.45139631965000,34.76513719540840,14.343707495878400,43.65000035911350,1462.3108090168100,0.20582954700076700,38.333850716484400,4.502943772307780
2364.0,1.9315796422528200,8354.0,3.81113816752164,149128.0476113470,99849.91615530900,1.3261908606545800,0.5429038238472230,1.7532094005010700,636.2419894366660,38.24819395306440,49.47412437154300,38.23152891898010,1398.3563772161800,0.3426384422425350,241.13622982738600,4.918041655004630
3880.0,6.426535908044230,9837.0,2.6585265880210000,250184.3368366240,156572.10375723800,0.7658449341476190,0.3843084235669520,2.701685527976610,426.59461025605400,29.530668786207800,17.811693666781300,24.366990546142700,1390.628296153040,0.5116054411904530,58.58646785509870,4.504831375998980
3493.0,1.2216370673668200,20127.0,4.739326603363130,202433.0049705420,169189.79891827600,0.6501590263919220,0.35064728775990200,2.534509234594000,915.5937382405570,24.542912665527900,32.25625808437520,17.199201430467000,1386.7123385825200,0.43879601574678400,517.000419064164,9.267037666070930
2342.0,8.122854360197680,7354.0,3.036018773826340,71255.20953107030,84024.98074289280,1.1237028576337600,0.47651409052180800,2.6807663820610100,380.3558645777920,25.85347451787770,15.684530818553100,44.507100586041500,1492.6481377174500,0.07281567038490360,32.97775173970680,4.5023484062632600
1050.0,1.0856744722953100,1903.0,2.337298463640290,39546.25627575240,32049.025036873900,0.3005706185822760,0.34143716408687700,3.3041725388429100,603.5269948718800,15.463008655612400,44.4466808925782,24.17136476272570,1386.7809872230900,0.4792294809346890,653.0789220994790,6.543588182394820
3846.0,6.849939960072260,15980.0,3.6012485922868900,166378.89021942200,202618.5501845090,1.2011198672233800,0.21431974864706300,2.4678593394652600,363.4459045738300,20.688782306177800,19.526150022787700,52.71498254228350,1493.2715426105700,0.047927592609374500,38.08824448636940,4.5116648238903
2161.0,1.50505527090975,3781.0,2.769891962844440,110483.88180385900,93132.8596384827,0.5292172755785170,0.45805159991141700,1.8616027656747100,635.2106028262040,46.45380708677760,16.850648339741700,28.10817703057790,1452.810769401220,0.36868558431240200,393.3572621471990,4.735859225100820
1308.0,8.799884295792880,4589.0,3.8992035468034700,54600.26154979900,53431.267811064500,0.7936024579213760,0.3253797253779170,3.525185237918980,449.215866825829,29.620003900342500,16.699650563484200,16.668775192962000,1386.7056153968000,0.32473251426819700,39.95060918564490,4.499465677129930
3518.0,1.017937672977790,14058.0,3.672693692105080,140768.37960025000,141584.2567295750,0.9059996453394430,0.48656236219035100,3.163172097833890,505.36710226630100,44.608310625031100,36.76315420061310,19.297045232842600,1386.6907968676100,0.5604068355471400,618.898972984123,14.25490207428760
3604.0,5.079731460307880,19787.0,4.349189860110620,176843.88975834600,113704.8621317740,0.9173453746790490,0.3225867079171280,2.1955328752892400,322.04221225643200,23.970788396674200,16.85144570569430,26.652722353844200,1475.6102119155300,0.47359714117469500,63.67612044914290,4.517522826067120
1585.0,4.653638710356190,11352.0,4.525729894068830,51537.99525983400,54256.243995709500,1.010919839551420,0.24362533021669800,3.5585807160119600,260.0873417784240,18.901895068452000,20.859492400460700,47.40694252614600,1475.1028662749700,0.0686467041229406,61.677785538935,4.523636809158730
1523.0,4.26641908103091,5309.0,3.96677022394329,79449.20982117730,61973.66609627160,0.5355015182703920,0.2166880791215610,2.0553673512098500,484.66526137182300,32.77313981853820,33.34068545257650,35.15599043024090,1393.648277937820,0.333059913061859,102.45611142251500,4.536928561992070
1005.0,8.084596715115290,2125.0,3.129161021105340,38613.48189613570,27086.59288218800,0.5912878950537380,0.40587947491646200,2.0518586548792900,605.0548569144090,48.46892165080740,14.910277485227300,17.151210328926800,1386.7056671306600,0.3231731515414890,47.13965781319810,4.509368171101970
1251.0,8.972753134457060,6446.0,4.416194026618690,44514.92717035660,77966.6811692844,1.1296986664316800,0.4833292775480690,2.757333159149250,345.36051194861900,19.248558551443200,21.14295432080800,19.856640886625400,1405.6483586779900,0.3922154765273700,33.14165556331540,4.513521284487750
3783.0,8.761254774075050,6965.0,2.642887103512150,178945.23981227400,123804.40278074300,1.3764975582904800,0.3644966323442370,2.6860785677954200,565.412211700153,42.118156091725200,16.059235239016400,52.4217343718384,1499.2005918289600,0.06798837050053740,29.866215357135700,4.501038472092970
1515.0,4.151088894407050,2782.0,2.468537045678330,88438.28182481720,83637.41379941460,1.252759066964120,0.3980525314671660,2.3890801413614000,511.3120490032760,29.184928945055200,8.722470120061910,49.85183930210680,1476.4152614893300,0.0955568046309964,70.24508162368970,4.562486181470230
2018.0,5.346071991714060,5861.0,3.372720900481660,81564.34560854300,65256.45732804710,0.9247276534713420,0.3508726272364070,3.049257501596740,470.27663844532800,34.55861567086750,12.435938160224900,18.85107066558880,1421.7446060041800,0.5180914436336900,57.243170495393800,4.519058265523500
3476.0,2.9108633712320500,12492.0,3.211651449957410,187602.27225598500,145456.62240886300,0.535992869816158,0.38818879191269700,3.26218699344154,407.8830215465130,31.306611093282300,24.828913531132400,26.30195274250210,1420.7245141884700,0.488105532969683,154.87445453296600,4.530266570123140
4298.0,1.116044394452170,12928.0,3.2204603090888500,143366.55389461400,197567.61531669900,1.3162904405999700,0.3942216841575900,1.6101613574553200,413.66530397919300,35.88472887087910,43.88531129618280,29.36063296677160,1346.9723866138000,0.4965852700632670,552.2551440300780,13.25616426591500
2637.0,8.005861682216830,8910.0,3.410969344928860,99762.2816549976,88996.20648598240,0.30602041971809000,0.47106039362263200,2.327575346841430,408.80755662253100,29.723552748629300,17.062629744612100,29.92759051375220,1266.8962702799700,0.5126844196011120,82.74007909459220,4.504274104902490
2637.0,2.3383962006732800,11604.0,3.5948686017558500,115018.05503561900,78763.99675498380,1.361957548829910,0.5365245675221970,3.4824126677452900,348.4420397429340,26.667686736123900,47.604881322128000,26.467902118294000,1469.4603209631200,0.4825341198654260,177.2830353290510,4.59929339088505
2583.0,3.833871816347020,7606.0,3.667420968933860,139882.6021933780,136166.59140599100,1.3803587259496300,0.4046682292828070,2.534954648465420,619.3138226097970,36.14341722851380,36.48658048246240,39.50472118273430,1494.8620098424000,0.15675161564928700,77.13620363681200,4.655540408789600
1924.0,6.459039510543370,11817.0,4.473269066470520,73980.89751828750,96329.90720328820,0.32636739108075100,0.37256925419387400,2.6200865722993000,307.1797023774020,18.631192346844100,21.068176746492300,28.656611243740500,1157.5388614291300,0.5271684685517200,113.04482015738600,4.507711203061280
2508.0,3.6219568401194500,11161.0,3.5578523243541700,96344.76443907640,142995.07473467400,0.5357590431404850,0.23166075204627500,2.014643466627060,339.2524196184500,19.73538225032600,21.780640112202200,33.07562022740670,1296.679837728120,0.39253609982357300,100.09402383093900,4.519843932678990
1099.0,4.334826132631090,4759.0,3.8943406166309800,58724.877433315600,69004.47787822360,1.2585499954153400,0.4146667405676900,2.543857466986310,362.4892474776270,19.735230096291200,8.309345338722680,51.50374475777050,1498.8926763981500,0.035684711449988700,69.09653784154180,4.554239376767190
3411.0,7.66730109905977,6368.0,2.98458865341202,172253.15453777700,123533.82211650100,1.2932880687467500,0.19669245591243300,3.658923024424380,653.9489177101170,45.31317164658650,11.891455474068800,43.8425387212143,1479.2313228511300,0.12288679455199700,33.30097140711300,4.5044091019311300
4188.0,8.74376903516511,13029.0,3.6753650952282400,157430.5277133190,243761.86079299900,0.7369566316201070,0.3446559402959770,1.7388577755485200,484.40984863967600,27.236633285626700,15.165663861508900,26.16769284742110,1489.226042936110,0.4335465005541,46.64993733205400,4.510902077988590
4009.0,8.535735280478390,21422.0,4.040394125443760,171074.32692680300,193385.21919927100,1.2130210970749300,0.5410820899361220,3.452740242137120,306.1668322783880,19.055011774116300,23.909583403118900,31.28358430317340,1242.5409743015200,0.39340422036980600,29.608756966788800,4.497767802109740
3664.0,8.800103283421400,13324.0,3.341083943355340,137258.51446289900,136324.9893741980,1.2444577119025200,0.43802617075196500,1.807190165352830,369.24106613016200,26.274059601061500,19.12561126176770,20.068335130935800,887.8263008070480,0.5002978494872050,35.11459707183800,4.499372143337360
4229.0,5.347595253529850,21099.0,3.8740493122097300,186656.405282377,236502.56624095500,1.2050377745979100,0.34406325356611300,2.0999251879265100,324.2102357056840,19.455408545852400,21.96580710475840,42.232724010662400,1457.6264088559100,0.20950513235091800,50.47253258193690,4.525583031469440
4392.0,1.1591908794552800,27778.0,4.522114915437710,213408.45919502900,267973.5216954510,1.156221846781140,0.252016321905228,2.626786208199480,486.69094668102600,44.95091552576310,43.92952021822170,36.878112607164400,1492.8278075232100,0.33488679272249500,533.5901564858450,12.55653605117400
2171.0,2.6606566622172500,6858.0,3.4208451093171000,128914.4516738740,97668.24285866770,0.5084184949927140,0.2280709569741250,2.6465508376970500,444.45456373160100,31.290947328729100,24.90763872728560,30.52152385227700,1330.6261611940100,0.44060247310854700,168.77709542892200,4.561903906345710
3879.0,1.9459703655963400,14378.0,4.292387329491680,195828.0907193520,197665.19939865500,0.7262262169331920,0.28668139845419000,3.101490108744950,470.621637204525,24.466833633362200,16.75504189609100,22.82546288488550,1435.1138543840500,0.49795125404738600,238.6324619463180,4.801663649769910
3689.0,6.280904286681870,12336.0,3.393181016399680,199540.58978095100,170141.9867252410,0.925615315548183,0.23172488930723300,1.8519661617791400,414.7685846293270,26.334507378853800,16.093536646373700,43.84353116692010,1479.232337431040,0.13649566743468700,44.9122227702347,4.511577805929830
2869.0,4.149934878542020,6091.0,2.990270254962790,103299.0733590010,91312.81918330630,0.33389961802473300,0.3415854340159740,2.0720862802029600,578.0220247485150,42.54930607094240,12.865875071937900,30.309487132199900,1286.9790782115100,0.5001273905011840,141.92627440526900,4.523161577900690
3249.0,7.474967154261480,8806.0,3.6482835960873200,99026.43509613830,172907.97986568700,1.1622880300170500,0.4257960099211330,2.494051095168160,537.2941512361220,30.76713232369550,12.204774792176200,55.74484781568860,1480.8787359052100,0.02129445158210730,35.52660386295040,4.5343961943304500
1397.0,3.9243740539911600,5156.0,3.502716415268750,55454.67524152590,45144.211624114100,0.4675433129844850,0.43763853877876200,2.5815438062628700,391.04055993186300,29.091618646205400,16.561939688596800,25.30022119853390,942.2983731030240,0.5348294244107530,124.83649571784800,4.521881796017380
4359.0,7.185757412519520,24670.0,4.562309795839780,181990.0714625290,124466.6328231260,1.0696778471918200,0.27837188574002200,3.7321880301649900,321.8341864585620,24.847534527043800,19.104375743049200,43.84610405667210,1479.2322976562100,0.15827706388662300,35.90692654176190,4.509081181894050
2486.0,7.824237129557480,5822.0,2.726144748467600,118141.01190493800,103872.12123733200,0.6365522865657180,0.3943112405085020,1.9889001224663100,484.8488975478090,31.30796483473970,24.809632988131800,22.13650807202530,1343.7337521655500,0.34998538311688200,47.86137661886490,4.499854011384280
3204.0,3.5048619411288400,4062.0,2.419555234963710,141225.21579887000,116631.76701398800,0.7573881423876710,0.1953972443289000,2.6867798023379400,810.7864194451100,56.4773831551323,33.91016005209760,31.709783401955500,1302.30164675539,0.3435320863973720,91.82486022313120,4.598638682789480
2950.0,4.754888182931780,6052.0,3.1018614917905800,146470.66237952600,111972.33982518100,0.9500070406295580,0.18843743228098800,3.7088302691311800,639.0838061472460,45.19422982086030,37.04444062900970,43.03480938652690,1499.804523814410,0.2011394361723380,58.592138055652800,4.569143232851850
2915.0,4.399073974501380,11400.0,3.43107244274808,147456.5068500630,106967.99274941800,0.5936732294010830,0.3026805290167440,2.745479285437380,363.6832752410560,25.75026155053950,17.290060158220500,22.747647614169700,1428.524360373660,0.5290342540295400,98.77193112300280,4.516784010234460
1202.0,7.102909433724790,6492.0,3.9478242419035100,40573.40500906240,39181.98268988230,0.6093571622229090,0.42398637483600400,3.1993881514311400,297.5210005551910,22.71694747478820,20.76659836725860,18.70278666348620,1225.9799099853000,0.43880211386898900,52.358116681550700,4.508863594620100
2172.0,3.1855262727489700,9937.0,4.357453332144270,130502.5062938790,70385.5396713132,1.1890766192707300,0.2973413903444050,3.6963786691534400,333.4498084968370,26.92935614528840,33.70852758104170,30.392426657925700,1377.4712892372900,0.445281831283432,105.73278633839000,4.624321863376950
2410.0,8.126262445522480,13797.0,4.780176466545180,132677.44818128900,111295.94262301700,1.2808449928804100,0.4569849671990710,3.5597434799327500,346.43357662583700,21.4498057239037,17.84385169010480,43.84382602509290,1479.2319088363900,0.06309951439123380,32.18448768898880,4.50250342907091
1150.0,1.8066150457741900,4429.0,4.141652989507470,45871.91905376030,46046.82577895960,0.588706567515151,0.5266208656974980,2.1301352650125100,466.3086821051740,26.284257902603200,32.660136057573300,50.56436062559870,1477.6460023560500,0.15212072038163700,306.25437353176700,4.6633512083033600
1527.0,1.9799595209202600,3268.0,3.0068415495402500,45989.93928513800,82617.44822897020,1.1551453220653000,0.5395757776425580,2.7016306096451500,683.715829497611,36.014635940947400,34.40987411362250,42.577979092067500,1444.5356199581000,0.22540670857110500,249.2281589578310,4.80702212690034
2673.0,6.666338462849570,9474.0,4.005082332671500,99159.7121691419,133181.21010883100,0.9392282701429930,0.25391699111422100,3.369073957600980,462.8351341891920,27.188298851380900,13.69054335991180,5.583684610617550,1444.4316158118700,0.6445221349997640,51.18374776179690,4.523600510375380
1914.0,8.383429120358620,6658.0,3.4703185179139900,83522.6169634588,68058.9486519091,1.0291506340399400,0.5335806051073790,2.230181699140520,402.36531970756000,28.768912574854300,17.997916331679900,20.590669081787100,1283.2311846311000,0.4574149767582370,38.68178949379840,4.500398073913470
2351.0,4.63252913275339,10590.0,4.712202971572270,87134.63570132770,109435.69632017700,0.95564680855781,0.5252185919920780,3.3695940143485400,432.4843922116480,26.7797057044893,24.448547567557000,43.07330564807270,1494.382144448980,0.23819298932511100,62.15874509926820,4.561981492937060
1661.0,4.183086868044180,5708.0,3.580000935557540,81741.35385036700,90170.20825093370,0.966617402770012,0.5010634128971240,2.9268357461452000,440.71082381945500,27.376322399381400,29.48787960869170,36.94712071163980,1491.3440631062000,0.2308071221376370,73.41340392671070,4.559942673698870
1717.0,1.3457826270324600,3040.0,2.8153221437937100,99424.91627992870,61026.46242848890,1.120615708267790,0.4821304424668470,1.831611775679080,484.84619693461600,31.30515697332940,24.82564641860550,30.44994007178520,1415.1537476466500,0.4379143616993020,462.2159422494230,5.224788696411920
4208.0,0.9734137339588080,6637.0,2.630382479111720,119575.04001476300,213479.80358569100,0.6131920905717290,0.23683695622106200,1.854078140063780,683.5168851281420,35.323280958190200,42.65469040373590,18.306587718423200,1386.738481508550,0.5850745583929810,631.1825839281450,13.267076452592100
2256.0,1.156495508504890,4917.0,3.0267768520753300,79173.43827669460,109072.39703948700,0.8549788607244530,0.5037518286268050,3.4724895790088500,583.014066394958,52.10262191876400,38.45320005380480,17.163979460110800,1386.7062514714100,0.5225126951337540,567.8789610530620,11.423668386609900
982.0,1.226087305013860,2132.0,3.1713967599948900,62734.43156369440,45229.556329402200,0.8761282435894010,0.21761860407437500,3.433608818334830,398.88601106337400,43.62373959879960,38.011842205007600,21.64776706532340,1386.8884985218000,0.57106663373579,531.381910124336,10.377761862437400
3767.0,5.195757894770630,22693.0,4.2266416060054600,170970.50760573300,145221.97047607400,1.0067316035951000,0.4682286511939080,1.8960148585089200,289.62159727866200,20.04981833307450,21.1963733836435,33.11976972678470,1481.2359066041400,0.16505536565289500,53.27059496169670,4.514497870365490
1786.0,3.8135968429440500,2962.0,2.563397868480290,73226.47218099140,87727.23710676610,0.8256650014261200,0.3342490663801080,2.111653869163520,726.8855639063480,47.61342539634960,20.543513183587800,37.590119567659100,1464.1907510338400,0.19487792544521100,86.9654636486295,4.579410145288950